{"cameraMode":{"drawMode":0,"name":"Shaded","section":"Shading Mode"},"sceneLighting":true,"audioPlay":false,"sceneViewState":{"showFog":false,"showMaterialUpdate":false,"showSkybox":false,"showFlares":false,"showImageEffects":true,"showParticleSystems":true},"in2DMode":false,"pivot":{"x":1.646986722946167,"y":0.9871304035186768,"z":-3.0091915130615236},"rotation":{"x":-0.07520020008087158,"y":0.032000843435525897,"z":-0.0024147501680999996,"w":-0.9966544508934021},"size":11.468949317932129,"orthographic":false}