{"cameraMode":{"drawMode":0,"name":"Shaded","section":"Shading Mode"},"sceneLighting":true,"audioPlay":false,"sceneViewState":{"showFog":false,"showMaterialUpdate":false,"showSkybox":false,"showFlares":false,"showImageEffects":true,"showParticleSystems":true},"in2DMode":false,"pivot":{"x":4.728024959564209,"y":1.0892513990402222,"z":-3.21742844581604},"rotation":{"x":-0.07036573439836502,"y":-0.1039523184299469,"z":0.007372986990958452,"w":-0.9920650720596314},"size":11.468949317932129,"orthographic":false}